keco_code,keco_name,major_category
0111,의회 의원,경영·사무·금융·보험직
0112,고위 공무원 및 정당ㆍ특수 단체 임원,경영·사무·금융·보험직
0113,기업 대표 및 기업 고위 임원,경영·사무·금융·보험직
0121,정부 행정 관리자,경영·사무·금융·보험직
0122,경영 지원 관리자,경영·사무·금융·보험직
0123,마케팅 및 광고ㆍ홍보 관리자,경영·사무·금융·보험직
0124,금융 및 보험 관리자,경영·사무·금융·보험직
0131,연구 관리자,경영·사무·금융·보험직
0132,교육 관리자,경영·사무·금융·보험직
0133,법률ㆍ경찰ㆍ소방 및 교도 관리자,경영·사무·금융·보험직
0134,보건 의료 관련 관리자,경영·사무·금융·보험직
0135,사회복지 관련 관리자,경영·사무·금융·보험직
0136,문화ㆍ예술 관련 관리자,경영·사무·금융·보험직
0137,정보 통신 관련 관리자,경영·사무·금융·보험직
0139,기타 전문 서비스 관리자,경영·사무·금융·보험직
0141,숙박ㆍ여행ㆍ오락 및 스포츠 관련 관리자,경영·사무·금융·보험직
0151,영업 및 판매 관련 관리자,경영·사무·금융·보험직
0152,운송 관련 관리자,경영·사무·금융·보험직
0159,기타 판매 및 고객 서비스 관리자,경영·사무·금융·보험직
0161,건설 및 광업 관련 관리자,경영·사무·금융·보험직
0162,전기ㆍ가스 및 수도 관련 관리자,경영·사무·금융·보험직
0163,제품 생산 관련 관리자,경영·사무·금융·보험직
0169,기타 건설ㆍ전기 및 생산 관련 관리자,경영·사무·금융·보험직
0211,정부 행정 전문가,경영·사무·금융·보험직
0212,행정사,경영·사무·금융·보험직
0221,경영 및 진단 전문가,경영·사무·금융·보험직
0222,인사 및 노사 관련 전문가,경영·사무·금융·보험직
0231,회계사,경영·사무·금융·보험직
0232,세무사,경영·사무·금융·보험직
0233,관세사,경영·사무·금융·보험직
0241,광고 및 홍보 전문가,경영·사무·금융·보험직
0242,조사 전문가,경영·사무·금융·보험직
0243,상품 기획 전문가,경영·사무·금융·보험직
0244,행사ㆍ전시 및 회의 기획자,경영·사무·금융·보험직
0251,조세 행정 사무원,경영·사무·금융·보험직
0252,관세 행정 사무원,경영·사무·금융·보험직
0253,병무 행정 사무원,경영·사무·금융·보험직
0259,기타 정부 행정 사무원,경영·사무·금융·보험직
0261,경영 기획 사무원,경영·사무·금융·보험직
0262,영업 및 마케팅 사무원,경영·사무·금융·보험직
0263,인사 및 노무 사무원,경영·사무·금융·보험직
0264,교육 및 훈련 사무원,경영·사무·금융·보험직
0265,총무 사무원 및 대학 행정조교,경영·사무·금융·보험직
0266,감사 사무원,경영·사무·금융·보험직
0271,회계 사무원,경영·사무·금융·보험직
0281,무역 사무원,경영·사무·금융·보험직
0282,도로 및 철도운송 사무원,경영·사무·금융·보험직
0283,수상 및 항공운송 사무원,경영·사무·금융·보험직
0284,자재관리 사무원,경영·사무·금융·보험직
0285,생산 및 품질관리 사무원,경영·사무·금융·보험직
0289,기타 운송 및 무역 사무원,경영·사무·금융·보험직
0291,안내ㆍ접수원 및 전화교환원,경영·사무·금융·보험직
0292,고객 상담 및 모니터 요원,경영·사무·금융·보험직
0293,통계ㆍ데이터 관련 사무원,경영·사무·금융·보험직
0294,비서,경영·사무·금융·보험직
0295,전산 자료 입력원,경영·사무·금융·보험직
0296,속기사,경영·사무·금융·보험직
0297,자원봉사 관리원,경영·사무·금융·보험직
0299,기타 사무 지원 종사원,경영·사무·금융·보험직
0311,투자 및 신용 분석가,경영·사무·금융·보험직
0312,자산 운용가,경영·사무·금융·보험직
0313,금융 및 보험 상품 개발자,경영·사무·금융·보험직
0314,증권 및 외환 딜러,경영·사무·금융·보험직
0315,손해 사정사,경영·사무·금융·보험직
0319,기타 금융 및 보험 관련 전문가,경영·사무·금융·보험직
0321,은행 사무원,경영·사무·금융·보험직
0322,증권 사무원,경영·사무·금융·보험직
0323,보험 심사원 및 사무원,경영·사무·금융·보험직
0324,출납 창구 사무원,경영·사무·금융·보험직
0325,수금원 및 신용 추심원,경영·사무·금융·보험직
0329,기타 금융 사무원,경영·사무·금융·보험직
0332,보험 모집인 및 투자 권유 대행인,경영·사무·금융·보험직
1101,인문과학 연구원,연구직 및 공학 기술직
1102,사회과학 연구원,연구직 및 공학 기술직
1211,자연과학 연구원,연구직 및 공학 기술직
1212,자연과학 시험원,연구직 및 공학 기술직
1221,생명과학 연구원,연구직 및 공학 기술직
1222,생명과학 시험원,연구직 및 공학 기술직
1223,농림어업 관련 시험원,연구직 및 공학 기술직
1311,컴퓨터 하드웨어 기술자 및 연구원,연구직 및 공학 기술직
1331,시스템 소프트웨어 개발자,연구직 및 공학 기술직
1332,응용 소프트웨어 개발자,연구직 및 공학 기술직
1333,웹 개발자,연구직 및 공학 기술직
1339,기타 컴퓨터 시스템 및 소프트웨어 전문가,연구직 및 공학 기술직
1341,네트워크 시스템 개발자,연구직 및 공학 기술직
1342,정보 보안 전문가,연구직 및 공학 기술직
1349,기타 네트워크 및 정보 보안 전문가,연구직 및 공학 기술직
1351,데이터 시스템 전문가,연구직 및 공학 기술직
1352,데이터 분석가,연구직 및 공학 기술직
1361,정보 시스템 운영자,연구직 및 공학 기술직
1362,웹 운영자,연구직 및 공학 기술직
1401,건축가,연구직 및 공학 기술직
1402,건축공학 기술자,연구직 및 공학 기술직
1403,토목공학 기술자,연구직 및 공학 기술직
1404,조경 기술자,연구직 및 공학 기술직
1405,도시 및 교통 관련 전문가,연구직 및 공학 기술직
1406,측량 및 공간정보 전문가,연구직 및 공학 기술직
1407,건설자재 시험원,연구직 및 공학 기술직
1511,기계공학 기술자 및 연구원,연구직 및 공학 기술직
1512,로봇공학 기술자 및 연구원,연구직 및 공학 기술직
1513,기계 및 로봇공학 시험원,연구직 및 공학 기술직
1521,금속ㆍ재료공학 기술자 및 연구원,연구직 및 공학 기술직
1522,금속 및 재료공학 시험원,연구직 및 공학 기술직
1532,반도체공학 기술자 및 연구원,연구직 및 공학 기술직
1533,전자공학 기술자 및 연구원,연구직 및 공학 기술직
1541,화학공학 기술자 및 연구원,연구직 및 공학 기술직
1551,가스ㆍ에너지 기술자 및 연구원,연구직 및 공학 기술직
1552,가스 및 에너지 시험원,연구직 및 공학 기술직
1553,신재생에너지 기술자 및 연구원,연구직 및 공학 기술직
1555,환경공학 기술자 및 연구원,연구직 및 공학 기술직
1556,환경공학 시험원,연구직 및 공학 기술직
1557,산업보건 및 산업환경 관리 기술자,연구직 및 공학 기술직
1561,섬유공학 기술자 및 연구원,연구직 및 공학 기술직
1562,섬유공학 시험원,연구직 및 공학 기술직
1571,식품공학 기술자 및 연구원,연구직 및 공학 기술직
1572,식품공학 시험원,연구직 및 공학 기술직
1581,소방공학 기술자 및 연구원,연구직 및 공학 기술직
1582,방재 기술자 및 연구원,연구직 및 공학 기술직
1583,소방ㆍ방재 및 산업안전 시험원,연구직 및 공학 기술직
1584,산업안전 및 산업위험 관리 기술자,연구직 및 공학 기술직
1591,제도사,연구직 및 공학 기술직
1599,기타 공학 관련 기술자 및 시험원,연구직 및 공학 기술직
2111,대학 교수,교육·법률·사회복지·경찰·소방직 및 군인
2112,대학 강사,교육·법률·사회복지·경찰·소방직 및 군인
2122,초등학교 교사,교육·법률·사회복지·경찰·소방직 및 군인
2123,특수교육 교사,교육·법률·사회복지·경찰·소방직 및 군인
2141,외국어 강사,교육·법률·사회복지·경찰·소방직 및 군인
2142,문리 강사,교육·법률·사회복지·경찰·소방직 및 군인
2143,정보통신기술 강사,교육·법률·사회복지·경찰·소방직 및 군인
2144,기술 및 기능계 강사,교육·법률·사회복지·경찰·소방직 및 군인
2145,간호조무 및 요양보호 강사,교육·법률·사회복지·경찰·소방직 및 군인
2147,예능 강사,교육·법률·사회복지·경찰·소방직 및 군인
2148,학습ㆍ교구 관련 방문강사,교육·법률·사회복지·경찰·소방직 및 군인
2149,기타 문리ㆍ기술 및 예능 강사,교육·법률·사회복지·경찰·소방직 및 군인
2151,장학관ㆍ연구관 및 교육 관련 전문가,교육·법률·사회복지·경찰·소방직 및 군인
2152,대학 교육 조교,교육·법률·사회복지·경찰·소방직 및 군인
2153,교사보조 및 관련 종사원,교육·법률·사회복지·경찰·소방직 및 군인
2159,기타 교사보조 및 아동돌봄 종사원,교육·법률·사회복지·경찰·소방직 및 군인
2211,판사 및 검사,교육·법률·사회복지·경찰·소방직 및 군인
2212,변호사,교육·법률·사회복지·경찰·소방직 및 군인
2213,법무사 및 집행관,교육·법률·사회복지·경찰·소방직 및 군인
2214,변리사,교육·법률·사회복지·경찰·소방직 및 군인
2311,사회복지사,교육·법률·사회복지·경찰·소방직 및 군인
2313,청소년 지도사,교육·법률·사회복지·경찰·소방직 및 군인
2314,직업 관련 상담사,교육·법률·사회복지·경찰·소방직 및 군인
2315,시민사회 활동가,교육·법률·사회복지·경찰·소방직 및 군인
2321,보육교사,교육·법률·사회복지·경찰·소방직 및 군인
2329,기타 사회복지 전문가 및 관련 종사원,교육·법률·사회복지·경찰·소방직 및 군인
2331,성직자,교육·법률·사회복지·경찰·소방직 및 군인
2341,전기공학 기술자 및 연구원,교육·법률·사회복지·경찰·소방직 및 군인
2342,반도체공학 기술자 및 연구원,교육·법률·사회복지·경찰·소방직 및 군인
2373,가스ㆍ에너지 기술자 및 연구원,교육·법률·사회복지·경찰·소방직 및 군인
2381,항공기 조종사,교육·법률·사회복지·경찰·소방직 및 군인
2401,경찰관 및 수사관,교육·법률·사회복지·경찰·소방직 및 군인
2402,소방관,교육·법률·사회복지·경찰·소방직 및 군인
2403,소년원 학교 교사 및 교도관,교육·법률·사회복지·경찰·소방직 및 군인
2462,방사선사,교육·법률·사회복지·경찰·소방직 및 군인
2501,영관급 이상 장교,교육·법률·사회복지·경찰·소방직 및 군인
2502,위관급 장교,교육·법률·사회복지·경찰·소방직 및 군인
2503,준사관,교육·법률·사회복지·경찰·소방직 및 군인
2504,부사관,교육·법률·사회복지·경찰·소방직 및 군인
2533,상담 전문가,교육·법률·사회복지·경찰·소방직 및 군인
2541,성직자,교육·법률·사회복지·경찰·소방직 및 군인
2711,판사 및 검사,교육·법률·사회복지·경찰·소방직 및 군인
2812,회계사,교육·법률·사회복지·경찰·소방직 및 군인
2842,해외 영업원,교육·법률·사회복지·경찰·소방직 및 군인
2843,기술 영업원,교육·법률·사회복지·경찰·소방직 및 군인
2942,사진기자 및 사진가,교육·법률·사회복지·경찰·소방직 및 군인
3011,전문 의사,보건·의료직
3012,일반 의사,보건·의료직
3013,한의사,보건·의료직
3014,치과의사,보건·의료직
3031,약사,보건·의료직
3032,한약사,보건·의료직
3040,간호사,보건·의료직
3050,영양사,보건·의료직
3061,임상병리사,보건·의료직
3062,방사선사,보건·의료직
3063,치과기공사,보건·의료직
3064,치과위생사,보건·의료직
3066,임상심리사,보건·의료직
3067,재활공학 기사,보건·의료직
3068,언어 및 청각능력 재활사,보건·의료직
3069,기타 치료ㆍ재활사 및 의료기사,보건·의료직
3071,응급 구조사,보건·의료직
3072,위생사,보건·의료직
3074,보건의료정보 관리사,보건·의료직
3075,간호조무사,보건·의료직
3076,환자안전 관리사,보건·의료직
3077,수의사 보조원,보건·의료직
3078,안마사,보건·의료직
3079,기타 돌봄 및 보건 서비스 종사원,보건·의료직
4111,작가,예술·디자인·방송·스포츠직
4112,번역가 및 통역가,예술·디자인·방송·스포츠직
4113,출판물 전문가,예술·디자인·방송·스포츠직
4121,경호원,예술·디자인·방송·스포츠직
4131,학예사 및 문화재 보존원,예술·디자인·방송·스포츠직
4132,사서 및 기록물관리사,예술·디자인·방송·스포츠직
4141,화가 및 조각가,예술·디자인·방송·스포츠직
4142,사진기자 및 사진사,예술·디자인·방송·스포츠직
4143,만화가 및 만화영화 작가,예술·디자인·방송·스포츠직
4144,국악 및 전통 예능인,예술·디자인·방송·스포츠직
4145,지휘자ㆍ작곡가 및 연주가,예술·디자인·방송·스포츠직
4146,가수 및 성악가,예술·디자인·방송·스포츠직
4147,무용가 및 안무가,예술·디자인·방송·스포츠직
4151,제품 디자이너,예술·디자인·방송·스포츠직
4152,패션 디자이너,예술·디자인·방송·스포츠직
4153,실내장식 디자이너,예술·디자인·방송·스포츠직
4154,시각 디자이너,예술·디자인·방송·스포츠직
4155,미디어 콘텐츠 디자이너,예술·디자인·방송·스포츠직
4161,감독 및 기술 감독,예술·디자인·방송·스포츠직
4162,배우 및 모델,예술·디자인·방송·스포츠직
4163,아나운서 및 리포터,예술·디자인·방송·스포츠직
4164,촬영기사,예술·디자인·방송·스포츠직
4165,음향 및 녹음 기사,예술·디자인·방송·스포츠직
4166,영상ㆍ녹화 및 편집 기사,예술·디자인·방송·스포츠직
4167,조명기사 및 영사기사,예술·디자인·방송·스포츠직
4168,미디어 콘텐츠 창작자,예술·디자인·방송·스포츠직
4169,기타 연극ㆍ영화 및 영상 관련 종사원,예술·디자인·방송·스포츠직
4171,공연 및 시각예술 기획자,예술·디자인·방송·스포츠직
4172,영화 및 음반 기획자,예술·디자인·방송·스포츠직
4173,연예인 및 스포츠 매니저,예술·디자인·방송·스포츠직
4201,스포츠 감독 및 코치,예술·디자인·방송·스포츠직
4202,직업 운동선수,예술·디자인·방송·스포츠직
4203,경기 심판 및 경기 기록원,예술·디자인·방송·스포츠직
4204,스포츠 강사 및 트레이너,예술·디자인·방송·스포츠직
4205,기타 스포츠 및 레크리에이션 관련 전문가,예술·디자인·방송·스포츠직
4209,기타 여가 서비스 종사원,예술·디자인·방송·스포츠직
4221,요양보호사,예술·디자인·방송·스포츠직
4322,혼례 종사원,예술·디자인·방송·스포츠직
5104,대출 및 신용카드 모집인,미용·여행·숙박·음식·경비·청소직
5111,이용사,미용·여행·숙박·음식·경비·청소직
5112,미용사,미용·여행·숙박·음식·경비·청소직
5113,네일 관리사,미용·여행·숙박·음식·경비·청소직
5114,피부 및 체형 관리사,미용·여행·숙박·음식·경비·청소직
5115,메이크업 아티스트 및 분장사,미용·여행·숙박·음식·경비·청소직
5119,기타 미용 관련 서비스 종사원,미용·여행·숙박·음식·경비·청소직
5121,결혼 상담원 및 웨딩플래너,미용·여행·숙박·음식·경비·청소직
5122,혼례 종사원,미용·여행·숙박·음식·경비·청소직
5123,장례 지도사 및 장례 상담원,미용·여행·숙박·음식·경비·청소직
5124,점술가 및 민속신앙 종사원,미용·여행·숙박·음식·경비·청소직
5131,반려동물 훈련사 및 행동 상담사,미용·여행·숙박·음식·경비·청소직
5132,반려동물 관리 종사원,미용·여행·숙박·음식·경비·청소직
5211,여행 상품 개발자,미용·여행·숙박·음식·경비·청소직
5212,여행 사무원,미용·여행·숙박·음식·경비·청소직
5213,관광 서비스 종사원,미용·여행·숙박·음식·경비·청소직
5221,항공기 객실 승무원,미용·여행·숙박·음식·경비·청소직
5222,선박 및 열차 객실 승무원,미용·여행·숙박·음식·경비·청소직
5311,주방장 및 요리 연구가,미용·여행·숙박·음식·경비·청소직
5312,한식 조리사,미용·여행·숙박·음식·경비·청소직
5313,중식 조리사,미용·여행·숙박·음식·경비·청소직
5314,양식 조리사,미용·여행·숙박·음식·경비·청소직
5315,일식 조리사,미용·여행·숙박·음식·경비·청소직
5316,바텐더,미용·여행·숙박·음식·경비·청소직
5317,음료 조리원,미용·여행·숙박·음식·경비·청소직
5318,단체급식 조리사,미용·여행·숙박·음식·경비·청소직
5319,기타 조리사,미용·여행·숙박·음식·경비·청소직
5321,패스트푸드 준비원,미용·여행·숙박·음식·경비·청소직
5322,식음료 서비스 종사원,미용·여행·숙박·음식·경비·청소직
5323,주방 보조원,미용·여행·숙박·음식·경비·청소직
5329,기타 식음료 서비스 종사원,미용·여행·숙박·음식·경비·청소직
5411,경호원,미용·여행·숙박·음식·경비·청소직
5412,청원경찰,미용·여행·숙박·음식·경비·청소직
5413,시설 및 특수 경비원,미용·여행·숙박·음식·경비·청소직
5414,보안 관제원,미용·여행·숙박·음식·경비·청소직
5501,요양보호사,미용·여행·숙박·음식·경비·청소직
5502,간병인,미용·여행·숙박·음식·경비·청소직
5503,노인 돌봄 종사원,미용·여행·숙박·음식·경비·청소직
5505,육아 도우미,미용·여행·숙박·음식·경비·청소직
5611,건물 청소원,미용·여행·숙박·음식·경비·청소직
5612,운송 및 시설장비 청소원,미용·여행·숙박·음식·경비·청소직
5613,거리 및 공공장소 청소원,미용·여행·숙박·음식·경비·청소직
5614,재활용품 및 쓰레기 수거원,미용·여행·숙박·음식·경비·청소직
5619,기타 청소 관련 종사원,미용·여행·숙박·음식·경비·청소직
5621,세정원,미용·여행·숙박·음식·경비·청소직
5622,방역원,미용·여행·숙박·음식·경비·청소직
5631,구두 미화원,미용·여행·숙박·음식·경비·청소직
5632,세탁원 및 다림질원,미용·여행·숙박·음식·경비·청소직
5633,가사 도우미,미용·여행·숙박·음식·경비·청소직
5641,계기 검침원 및 가스 점검원,미용·여행·숙박·음식·경비·청소직
5642,자동판매기 관리원,미용·여행·숙박·음식·경비·청소직
5643,주차 관리원 및 안내원,미용·여행·숙박·음식·경비·청소직
5644,검표원,미용·여행·숙박·음식·경비·청소직
5645,대여 제품 방문 점검원,미용·여행·숙박·음식·경비·청소직
6111,곡식작물 재배원,영업·판매·운전·운송직
6122,해외 영업원,영업·판매·운전·운송직
6123,상품중개인 및 경매사,영업·판매·운전·운송직
6131,자동차 영업원,영업·판매·운전·운송직
6132,제품 영업원,영업·판매·운전·운송직
6139,기타 영업원,영업·판매·운전·운송직
6151,소규모 상점 경영 및 일선 관리 종사원,영업·판매·운전·운송직
6152,상점 판매원,영업·판매·운전·운송직
6153,단말기 및 통신 서비스 판매원,영업·판매·운전·운송직
6154,온라인 쇼핑 판매원,영업·판매·운전·운송직
6155,상품 대여원,영업·판매·운전·운송직
6156,노점 및 이동 판매원,영업·판매·운전·운송직
6157,방문 판매원,영업·판매·운전·운송직
6158,주유원,영업·판매·운전·운송직
6161,매장 계산원 및 요금 정산원,영업·판매·운전·운송직
6162,매표원 및 복권 판매원,영업·판매·운전·운송직
6171,홍보 도우미 및 판촉원,영업·판매·운전·운송직
6179,기타 판매 관련 단순 종사원,영업·판매·운전·운송직
6211,항공기 조종사,영업·판매·운전·운송직
6212,선장 및 항해사ㆍ도선사,영업·판매·운전·운송직
6213,철도 및 전동차 기관사,영업·판매·운전·운송직
6219,철도운송 관련 종사원,영업·판매·운전·운송직
6221,택시 운전원,영업·판매·운전·운송직
6222,버스 운전원,영업·판매·운전·운송직
6223,화물차 및 특수차 운전원,영업·판매·운전·운송직
6229,기타 자동차 운전원,영업·판매·운전·운송직
6241,택배원,영업·판매·운전·운송직
6242,늘찬배달원,영업·판매·운전·운송직
6243,우편집배원,영업·판매·운전·운송직
6245,하역 및 적재 단순 종사원,영업·판매·운전·운송직
6246,화물 분류원,영업·판매·운전·운송직
6247,정기배달원,영업·판매·운전·운송직
6249,기타 배달원,영업·판매·운전·운송직
7011,강구조물 가공원 및 건립원,건설·채굴직
7012,경량 철골공,건설·채굴직
7013,철근공,건설·채굴직
7014,콘크리트공,건설·채굴직
7015,건축 석공,건설·채굴직
7016,건축 목공,건설·채굴직
7019,기타 건설 관련 기능 종사원,건설·채굴직
7021,미장공,건설·채굴직
7022,방수공,건설·채굴직
7023,단열공,건설·채굴직
7024,바닥재 시공원,건설·채굴직
7025,도배공 및 유리 부착원,건설·채굴직
7026,건축 도장공,건설·채굴직
7027,새시 조립 및 설치원,건설·채굴직
7029,기타 건축 마감 관련 기능 종사원,건설·채굴직
7031,건설 배관공,건설·채굴직
7032,공업 배관공,건설·채굴직
7039,기타 배관공,건설·채굴직
7051,광원ㆍ채석원 및 석재 절단원,건설·채굴직
7052,철로 설치 및 보수원,건설·채굴직
7059,기타 채굴 및 토목 관련 종사원,건설·채굴직
7103,정육 가공원 및 도축원,건설·채굴직
7532,공업기계 설치 및 정비원,건설·채굴직
7611,사무용 전자기기 설치 및 수리원,건설·채굴직
7811,강구조물 가공원 및 건립원,건설·채굴직
8111,제분 및 도정 관련 기계 조작원,설치·정비·생산직
8112,공업기계 설치 및 정비원,설치·정비·생산직
8113,승강기 설치 및 정비원,설치·정비·생산직
8114,물품 이동 장비 설치 및 정비원,설치·정비·생산직
8115,냉동ㆍ냉장ㆍ공조기 설치 및 정비원,설치·정비·생산직
8116,보일러 설치 및 정비원,설치·정비·생산직
8119,농업용ㆍ기타 기계장비 설치 및 정비원,설치·정비·생산직
8121,항공기 정비원,설치·정비·생산직
8122,선박 정비원,설치·정비·생산직
8123,철도 기관차 및 전동차 정비원,설치·정비·생산직
8124,자동차 정비원,설치·정비·생산직
8129,기타 운송장비 정비원,설치·정비·생산직
8131,금형원,설치·정비·생산직
8132,금속 공작기계 조작원,설치·정비·생산직
8161,일반기계 조립원,설치·정비·생산직
8162,기계 부품 조립원,설치·정비·생산직
8171,자동차 조립원,설치·정비·생산직
8172,자동차 부품 조립원,설치·정비·생산직
8173,운송장비 조립원,설치·정비·생산직
8211,금속가공 관련 제어 장치 조작원,설치·정비·생산직
8212,금속가공 기계 조작원,설치·정비·생산직
8221,판금원,설치·정비·생산직
8222,판금기 조작원,설치·정비·생산직
8223,제관원,설치·정비·생산직
8224,제관기 조작원,설치·정비·생산직
8231,단조원,설치·정비·생산직
8232,단조기 조작원,설치·정비·생산직
8233,주조원,설치·정비·생산직
8234,주조기 조작원,설치·정비·생산직
8241,용접원,설치·정비·생산직
8242,용접기 조작원,설치·정비·생산직
8251,도장기 조작원,설치·정비·생산직
8252,도금 및 금속 분무기 조작원,설치·정비·생산직
8261,유리 제조 및 가공기 조작원,설치·정비·생산직
8262,점토제품 생산기 조작원,설치·정비·생산직
8263,시멘트 및 광물제품 제조기 조작원,설치·정비·생산직
8264,광석 및 석제품 가공기 조작원,설치·정비·생산직
8269,기타 비금속제품 관련 생산기 조작원,설치·정비·생산직
8311,산업 전기공,설치·정비·생산직
8312,화학물 가공 장치 조작원,설치·정비·생산직
8313,외선 전기공,설치·정비·생산직
8321,사무용 전자기기 설치 및 수리원,설치·정비·생산직
8322,가전제품 설치 및 수리원,설치·정비·생산직
8351,전기 부품 및 제품 제조 기계 조작원,설치·정비·생산직
8352,일차전지 및 이차전지 제조 기계 조작원,설치·정비·생산직
8353,전자 부품 및 제품 제조 기계 조작원,설치·정비·생산직
8411,컴퓨터 설치 및 수리원,설치·정비·생산직
8412,이동전화기 수리원,설치·정비·생산직
8419,기타 정보 통신기기 설치 및 수리원,설치·정비·생산직
8421,방송 관련 장비 설치 및 수리원,설치·정비·생산직
8422,통신 관련 장비 설치 및 수리원,설치·정비·생산직
8423,방송ㆍ통신ㆍ인터넷 케이블 설치 및 수리원,설치·정비·생산직
8511,석유 및 천연가스 제조 관련 제어 장치 조작원,설치·정비·생산직
8519,기타 석유 및 화학물 가공 장치 조작원,설치·정비·생산직
8521,타이어 및 고무제품 생산기 조작원,설치·정비·생산직
8522,플라스틱제품 생산기 조작원,설치·정비·생산직
8523,화학제품 생산기 조작원,설치·정비·생산직
8524,고무 및 플라스틱제품 조립원,설치·정비·생산직
8531,상하수도 처리 장치 조작원,설치·정비·생산직
8611,섬유 제조 기계 조작원,설치·정비·생산직
8612,직조기 및 편직기 조작원,설치·정비·생산직
8613,표백 및 염색 관련 기계 조작원,설치·정비·생산직
8621,패턴사,설치·정비·생산직
8622,재단사,설치·정비·생산직
8623,재봉사,설치·정비·생산직
8629,기타 섬유 및 가죽 관련 기능 종사원,설치·정비·생산직
8631,한복 제조원,설치·정비·생산직
8632,양장 및 양복 제조원,설치·정비·생산직
8633,모피 및 가죽 의복 제조원,설치·정비·생산직
8634,의복ㆍ가죽 및 모피 수선원,설치·정비·생산직
8639,기타 의복 관련 기능 종사원,설치·정비·생산직
8641,제화원,설치·정비·생산직
8642,신발 제조기 조작원,설치·정비·생산직
8643,세탁 기계 조작원,설치·정비·생산직
8649,기타 직물ㆍ신발 관련 기계 조작원,설치·정비·생산직
8711,제과원 및 제빵사,설치·정비·생산직
8712,떡 제조원,설치·정비·생산직
8721,정육 가공원 및 도축원,설치·정비·생산직
8722,김치 및 밑반찬 제조 종사원,설치·정비·생산직
8723,도시락 제조원,설치·정비·생산직
8724,식품 및 담배 등급원,설치·정비·생산직
8731,육류ㆍ어패류 및 낙농품 가공 기계 조작원,설치·정비·생산직
8732,제분 및 도정 관련 기계 조작원,설치·정비·생산직
8733,곡물가공 제품 기계 조작원,설치·정비·생산직
8734,과실 및 채소가공 관련 기계 조작원,설치·정비·생산직
8735,음료 제조 관련 기계 조작원,설치·정비·생산직
8810,상하수도 처리 장치 조작원,설치·정비·생산직
8811,인쇄 관련 기계 조작원,설치·정비·생산직
8812,사진 인화 및 현상기 조작원,설치·정비·생산직
8821,목재 가공 관련 기계 조작원,설치·정비·생산직
8822,펄프 및 종이 제조 장치 조작원,설치·정비·생산직
8823,종이제품 생산기 조작원,설치·정비·생산직
8829,기타 목재 및 종이 관련 기계 조작원,설치·정비·생산직
8831,가구 제조 및 수리원,설치·정비·생산직
8832,가구 조립원,설치·정비·생산직
8833,목제품 제조 관련 종사원,설치·정비·생산직
8841,공예원,설치·정비·생산직
8842,귀금속 및 보석 세공원,설치·정비·생산직
8851,악기 제조 및 조율사,설치·정비·생산직
8852,간판 제작 및 설치원,설치·정비·생산직
8853,기타 기능 관련 종사원,설치·정비·생산직
8859,기타 기계 조작원,설치·정비·생산직
9011,곡식작물 재배원,농림어업직
9012,채소 및 특용작물 재배원,농림어업직
9013,과수작물 재배원,농림어업직
9014,원예작물 재배원,농림어업직
9021,낙농 관련 종사원,농림어업직
9022,한우 및 육우 사육원,농림어업직
9023,돼지 사육원,농림어업직
9024,가금 사육원,농림어업직
9031,조림ㆍ산림 경영인 및 벌목원,농림어업직
9039,기타 임업 관련 종사원,농림어업직
9041,양식원,농림어업직
9042,어부 및 해녀,농림어업직
9051,농업 관련 단순 종사원,농림어업직
9052,임업 관련 단순 종사원,농림어업직
9222,택배원,농림어업직
9911,농림 관련 단순 종사원,농림어업직
9921,계기 검침원 및 가스 점검원,농림어업직
